district,date,month,visitors,year
Adilabad,2019-04-01,April,9972,2019
Adilabad,2017-04-01,April,13946,2017
Adilabad,2018-04-01,April,14183,2018
Adilabad,2016-04-01,April,341948,2016
Adilabad,2017-08-01,August,34876,2017
Adilabad,2018-08-01,August,38939,2018
Adilabad,2019-08-01,August,108173,2019
Adilabad,2016-08-01,August,614285,2016
Adilabad,2019-12-01,December,38089,2019
Adilabad,2016-12-01,December,53125,2016
Adilabad,2017-12-01,December,54251,2017
Adilabad,2018-12-01,December,61476,2018
Adilabad,2018-02-01,February,36550,2018
Adilabad,2017-02-01,February,83316,2017
Adilabad,2019-02-01,February,406177,2019
Adilabad,2016-02-01,February,937820,2016
Adilabad,2019-01-01,January,25071,2019
Adilabad,2017-01-01,January,318799,2017
Adilabad,2018-01-01,January,320356,2018
Adilabad,2016-01-01,January,792136,2016
Adilabad,2019-07-01,July,11791,2019
Adilabad,2018-07-01,July,24666,2018
Adilabad,2017-07-01,July,52386,2017
Adilabad,2016-07-01,July,447562,2016
Adilabad,2019-06-01,June,9161,2019
Adilabad,2018-06-01,June,12052,2018
Adilabad,2017-06-01,June,26859,2017
Adilabad,2016-06-01,June,368237,2016
Adilabad,2019-03-01,March,14347,2019
Adilabad,2018-03-01,March,23011,2018
Adilabad,2017-03-01,March,27508,2017
Adilabad,2016-03-01,March,582946,2016
Adilabad,2019-05-01,May,6997,2019
Adilabad,2018-05-01,May,8197,2018
Adilabad,2017-05-01,May,11752,2017
Adilabad,2016-05-01,May,252887,2016
Adilabad,2018-11-01,November,49181,2018
Adilabad,2019-11-01,November,70344,2019
Adilabad,2016-11-01,November,99148,2016
Adilabad,2017-11-01,November,117322,2017
Adilabad,2018-10-01,October,30257,2018
Adilabad,2019-10-01,October,38184,2019
Adilabad,2017-10-01,October,41666,2017
Adilabad,2016-10-01,October,94184,2016
Adilabad,2018-09-01,September,25875,2018
Adilabad,2019-09-01,September,37589,2019
Adilabad,2017-09-01,September,42699,2017
Adilabad,2016-09-01,September,491279,2016
Bhadradri Kothagudem,2016-04-01,April,0,2016
Bhadradri Kothagudem,2018-04-01,April,341258,2018
Bhadradri Kothagudem,2019-04-01,April,349585,2019
Bhadradri Kothagudem,2017-04-01,April,667459,2017
Bhadradri Kothagudem,2016-08-01,August,0,2016
Bhadradri Kothagudem,2018-08-01,August,219548,2018
Bhadradri Kothagudem,2019-08-01,August,271941,2019
Bhadradri Kothagudem,2017-08-01,August,316438,2017
Bhadradri Kothagudem,2019-12-01,December,287328,2019
Bhadradri Kothagudem,2016-12-01,December,326770,2016
Bhadradri Kothagudem,2017-12-01,December,393518,2017
Bhadradri Kothagudem,2018-12-01,December,442483,2018
Bhadradri Kothagudem,2016-02-01,February,0,2016
Bhadradri Kothagudem,2019-02-01,February,229159,2019
Bhadradri Kothagudem,2018-02-01,February,240634,2018
Bhadradri Kothagudem,2017-02-01,February,251359,2017
Bhadradri Kothagudem,2016-01-01,January,0,2016
Bhadradri Kothagudem,2019-01-01,January,283365,2019
Bhadradri Kothagudem,2017-01-01,January,302315,2017
Bhadradri Kothagudem,2018-01-01,January,421275,2018
Bhadradri Kothagudem,2016-07-01,July,0,2016
Bhadradri Kothagudem,2018-07-01,July,220304,2018
Bhadradri Kothagudem,2019-07-01,July,233338,2019
Bhadradri Kothagudem,2017-07-01,July,258114,2017
Bhadradri Kothagudem,2016-06-01,June,0,2016
Bhadradri Kothagudem,2018-06-01,June,290512,2018
Bhadradri Kothagudem,2017-06-01,June,351742,2017
Bhadradri Kothagudem,2019-06-01,June,9761776,2019
Bhadradri Kothagudem,2016-03-01,March,0,2016
Bhadradri Kothagudem,2019-03-01,March,225448,2019
Bhadradri Kothagudem,2017-03-01,March,243943,2017
Bhadradri Kothagudem,2018-03-01,March,421275,2018
Bhadradri Kothagudem,2016-05-01,May,0,2016
Bhadradri Kothagudem,2019-05-01,May,275800,2019
Bhadradri Kothagudem,2018-05-01,May,291273,2018
Bhadradri Kothagudem,2017-05-01,May,311626,2017
Bhadradri Kothagudem,2016-11-01,November,252127,2016
Bhadradri Kothagudem,2018-11-01,November,253464,2018
Bhadradri Kothagudem,2017-11-01,November,281515,2017
Bhadradri Kothagudem,2019-11-01,November,298366,2019
Bhadradri Kothagudem,2019-10-01,October,287432,2019
Bhadradri Kothagudem,2016-10-01,October,310133,2016
Bhadradri Kothagudem,2018-10-01,October,322974,2018
Bhadradri Kothagudem,2017-10-01,October,334504,2017
Bhadradri Kothagudem,2016-09-01,September,0,2016
Bhadradri Kothagudem,2019-09-01,September,314199,2019
Bhadradri Kothagudem,2018-09-01,September,334878,2018
Bhadradri Kothagudem,2017-09-01,September,381784,2017
Hyderabad,2019-04-01,April,1045933,2019
Hyderabad,2016-04-01,April,1127738,2016
Hyderabad,2018-04-01,April,1586375,2018
Hyderabad,2017-04-01,April,2366793,2017
Hyderabad,2016-08-01,August,1061137,2016
Hyderabad,2019-08-01,August,1121380,2019
Hyderabad,2018-08-01,August,1591470,2018
Hyderabad,2017-08-01,August,1976980,2017
Hyderabad,2016-12-01,December,1225502,2016
Hyderabad,2019-12-01,December,1277569,2019
Hyderabad,2018-12-01,December,1964150,2018
Hyderabad,2017-12-01,December,4871416,2017
Hyderabad,2016-02-01,February,778748,2016
Hyderabad,2019-02-01,February,983147,2019
Hyderabad,2018-02-01,February,1365837,2018
Hyderabad,2017-02-01,February,1886698,2017
Hyderabad,2016-01-01,January,1122510,2016
Hyderabad,2019-01-01,January,1426500,2019
Hyderabad,2017-01-01,January,1924695,2017
Hyderabad,2018-01-01,January,1978396,2018
Hyderabad,2019-07-01,July,1094861,2019
Hyderabad,2016-07-01,July,1096754,2016
Hyderabad,2018-07-01,July,1470042,2018
Hyderabad,2017-07-01,July,1890870,2017
Hyderabad,2019-06-01,June,1262995,2019
Hyderabad,2018-06-01,June,1595067,2018
Hyderabad,2017-06-01,June,2007060,2017
Hyderabad,2016-06-01,June,12032661,2016
Hyderabad,2019-03-01,March,1009991,2019
Hyderabad,2016-03-01,March,1017794,2016
Hyderabad,2018-03-01,March,1415938,2018
Hyderabad,2017-03-01,March,1783903,2017
Hyderabad,2018-05-01,May,1189492,2018
Hyderabad,2016-05-01,May,1287181,2016
Hyderabad,2019-05-01,May,1305748,2019
Hyderabad,2017-05-01,May,2266793,2017
Hyderabad,2016-11-01,November,909733,2016
Hyderabad,2019-11-01,November,1073665,2019
Hyderabad,2018-11-01,November,1671320,2018
Hyderabad,2017-11-01,November,1971438,2017
Hyderabad,2016-10-01,October,901960,2016
Hyderabad,2019-10-01,October,1240643,2019
Hyderabad,2017-10-01,October,2202316,2017
Hyderabad,2018-10-01,October,2207478,2018
Hyderabad,2016-09-01,September,832987,2016
Hyderabad,2019-09-01,September,959930,2019
Hyderabad,2018-09-01,September,1508086,2018
Hyderabad,2017-09-01,September,2011280,2017
Jagtial,2016-04-01,April,0,2016
Jagtial,2017-04-01,April,330540,2017
Jagtial,2018-04-01,April,372874,2018
Jagtial,2019-04-01,April,447226,2019
Jagtial,2016-08-01,August,0,2016
Jagtial,2019-08-01,August,151570,2019
Jagtial,2018-08-01,August,272685,2018
Jagtial,2017-08-01,August,386458,2017
Jagtial,2016-12-01,December,207294,2016
Jagtial,2018-12-01,December,231323,2018
Jagtial,2019-12-01,December,372959,2019
Jagtial,2017-12-01,December,393566,2017
Jagtial,2016-02-01,February,0,2016
Jagtial,2017-02-01,February,159659,2017
Jagtial,2019-02-01,February,215105,2019
Jagtial,2018-02-01,February,349576,2018
Jagtial,2016-01-01,January,0,2016
Jagtial,2017-01-01,January,174477,2017
Jagtial,2019-01-01,January,211913,2019
Jagtial,2018-01-01,January,614082,2018
Jagtial,2016-07-01,July,0,2016
Jagtial,2019-07-01,July,157419,2019
Jagtial,2018-07-01,July,182473,2018
Jagtial,2017-07-01,July,247254,2017
Jagtial,2016-06-01,June,0,2016
Jagtial,2018-06-01,June,182505,2018
Jagtial,2019-06-01,June,235363,2019
Jagtial,2017-06-01,June,418103,2017
Jagtial,2016-03-01,March,0,2016
Jagtial,2019-03-01,March,194090,2019
Jagtial,2017-03-01,March,323658,2017
Jagtial,2018-03-01,March,416716,2018
Jagtial,2016-05-01,May,0,2016
Jagtial,2017-05-01,May,468038,2017
Jagtial,2019-05-01,May,500206,2019
Jagtial,2018-05-01,May,641363,2018
Jagtial,2016-11-01,November,214534,2016
Jagtial,2019-11-01,November,277630,2019
Jagtial,2018-11-01,November,277997,2018
Jagtial,2017-11-01,November,348042,2017
Jagtial,2018-10-01,October,138206,2018
Jagtial,2019-10-01,October,165070,2019
Jagtial,2016-10-01,October,201249,2016
Jagtial,2017-10-01,October,248504,2017
Jagtial,2016-09-01,September,0,2016
Jagtial,2017-09-01,September,143102,2017
Jagtial,2019-09-01,September,157564,2019
Jagtial,2018-09-01,September,273121,2018
Jangaon,2016-04-01,April,0,2016
Jangaon,2017-04-01,April,9788,2017
Jangaon,2018-04-01,April,18100,2018
Jangaon,2019-04-01,April,26160,2019
Jangaon,2016-08-01,August,0,2016
Jangaon,2017-08-01,August,15680,2017
Jangaon,2018-08-01,August,26020,2018
Jangaon,2019-08-01,August,27800,2019
Jangaon,2016-12-01,December,12680,2016
Jangaon,2017-12-01,December,16880,2017
Jangaon,2019-12-01,December,28460,2019
Jangaon,2018-12-01,December,36962,2018
Jangaon,2016-02-01,February,0,2016
Jangaon,2017-02-01,February,12610,2017
Jangaon,2018-02-01,February,18600,2018
Jangaon,2019-02-01,February,28810,2019
Jangaon,2016-01-01,January,0,2016
Jangaon,2017-01-01,January,12280,2017
Jangaon,2018-01-01,January,17180,2018
Jangaon,2019-01-01,January,28750,2019
Jangaon,2016-07-01,July,0,2016
Jangaon,2017-07-01,July,16050,2017
Jangaon,2019-07-01,July,24160,2019
Jangaon,2018-07-01,July,26280,2018
Jangaon,2016-06-01,June,0,2016
Jangaon,2017-06-01,June,13750,2017
Jangaon,2018-06-01,June,23050,2018
Jangaon,2019-06-01,June,25820,2019
Jangaon,2016-03-01,March,0,2016
Jangaon,2017-03-01,March,8450,2017
Jangaon,2018-03-01,March,17300,2018
Jangaon,2019-03-01,March,27300,2019
Jangaon,2016-05-01,May,0,2016
Jangaon,2017-05-01,May,12130,2017
Jangaon,2018-05-01,May,19660,2018
Jangaon,2019-05-01,May,26740,2019
Jangaon,2016-11-01,November,13210,2016
Jangaon,2017-11-01,November,16360,2017
Jangaon,2019-11-01,November,28410,2019
Jangaon,2018-11-01,November,29570,2018
Jangaon,2016-10-01,October,14770,2016
Jangaon,2017-10-01,October,16130,2017
Jangaon,2019-10-01,October,27840,2019
Jangaon,2018-10-01,October,29470,2018
Jangaon,2016-09-01,September,0,2016
Jangaon,2017-09-01,September,15600,2017
Jangaon,2019-09-01,September,28640,2019
Jangaon,2018-09-01,September,28830,2018
Jayashankar Bhoopalpally,2016-04-01,April,0,2016
Jayashankar Bhoopalpally,2019-04-01,April,38500,2019
Jayashankar Bhoopalpally,2017-04-01,April,90700,2017
Jayashankar Bhoopalpally,2018-04-01,April,149150,2018
Jayashankar Bhoopalpally,2016-08-01,August,0,2016
Jayashankar Bhoopalpally,2019-08-01,August,45000,2019
Jayashankar Bhoopalpally,2017-08-01,August,118350,2017
Jayashankar Bhoopalpally,2018-08-01,August,184700,2018
Jayashankar Bhoopalpally,2019-12-01,December,45800,2019
Jayashankar Bhoopalpally,2016-12-01,December,85460,2016
Jayashankar Bhoopalpally,2018-12-01,December,245625,2018
Jayashankar Bhoopalpally,2017-12-01,December,723000,2017
Jayashankar Bhoopalpally,2016-02-01,February,0,2016
Jayashankar Bhoopalpally,2019-02-01,February,33500,2019
Jayashankar Bhoopalpally,2017-02-01,February,96850,2017
Jayashankar Bhoopalpally,2018-02-01,February,8626250,2018
Jayashankar Bhoopalpally,2016-01-01,January,0,2016
Jayashankar Bhoopalpally,2017-01-01,January,96560,2017
Jayashankar Bhoopalpally,2019-01-01,January,197430,2019
Jayashankar Bhoopalpally,2018-01-01,January,6519850,2018
Jayashankar Bhoopalpally,2016-07-01,July,0,2016
Jayashankar Bhoopalpally,2019-07-01,July,45500,2019
Jayashankar Bhoopalpally,2017-07-01,July,94700,2017
Jayashankar Bhoopalpally,2018-07-01,July,128550,2018
Jayashankar Bhoopalpally,2016-06-01,June,0,2016
Jayashankar Bhoopalpally,2019-06-01,June,40500,2019
Jayashankar Bhoopalpally,2017-06-01,June,93650,2017
Jayashankar Bhoopalpally,2018-06-01,June,159400,2018
Jayashankar Bhoopalpally,2016-03-01,March,0,2016
Jayashankar Bhoopalpally,2019-03-01,March,37500,2019
Jayashankar Bhoopalpally,2017-03-01,March,81400,2017
Jayashankar Bhoopalpally,2018-03-01,March,146150,2018
Jayashankar Bhoopalpally,2016-05-01,May,0,2016
Jayashankar Bhoopalpally,2019-05-01,May,30800,2019
Jayashankar Bhoopalpally,2017-05-01,May,91150,2017
Jayashankar Bhoopalpally,2018-05-01,May,152050,2018
Jayashankar Bhoopalpally,2019-11-01,November,51500,2019
Jayashankar Bhoopalpally,2016-11-01,November,81580,2016
Jayashankar Bhoopalpally,2017-11-01,November,116800,2017
Jayashankar Bhoopalpally,2018-11-01,November,196500,2018
Jayashankar Bhoopalpally,2019-10-01,October,46000,2019
Jayashankar Bhoopalpally,2016-10-01,October,76360,2016
Jayashankar Bhoopalpally,2017-10-01,October,115250,2017
Jayashankar Bhoopalpally,2018-10-01,October,195400,2018
Jayashankar Bhoopalpally,2016-09-01,September,0,2016
Jayashankar Bhoopalpally,2019-09-01,September,50500,2019
Jayashankar Bhoopalpally,2017-09-01,September,112600,2017
Jayashankar Bhoopalpally,2018-09-01,September,192300,2018
Jogulamba Gadwal,2016-04-01,April,0,2016
Jogulamba Gadwal,2019-04-01,April,82334,2019
Jogulamba Gadwal,2017-04-01,April,131426,2017
Jogulamba Gadwal,2018-04-01,April,138673,2018
Jogulamba Gadwal,2016-08-01,August,0,2016
Jogulamba Gadwal,2018-08-01,August,123733,2018
Jogulamba Gadwal,2019-08-01,August,123733,2019
Jogulamba Gadwal,2017-08-01,August,131485,2017
Jogulamba Gadwal,2016-12-01,December,182333,2016
Jogulamba Gadwal,2018-12-01,December,182333,2018
Jogulamba Gadwal,2019-12-01,December,182333,2019
Jogulamba Gadwal,2017-12-01,December,214887,2017
Jogulamba Gadwal,2016-02-01,February,0,2016
Jogulamba Gadwal,2017-02-01,February,481110,2017
Jogulamba Gadwal,2018-02-01,February,481110,2018
Jogulamba Gadwal,2019-02-01,February,481110,2019
Jogulamba Gadwal,2016-01-01,January,0,2016
Jogulamba Gadwal,2018-01-01,January,146441,2018
Jogulamba Gadwal,2019-01-01,January,146441,2019
Jogulamba Gadwal,2017-01-01,January,214887,2017
Jogulamba Gadwal,2016-07-01,July,0,2016
Jogulamba Gadwal,2018-07-01,July,114951,2018
Jogulamba Gadwal,2019-07-01,July,114951,2019
Jogulamba Gadwal,2017-07-01,July,160182,2017
Jogulamba Gadwal,2016-06-01,June,0,2016
Jogulamba Gadwal,2019-06-01,June,155013,2019
Jogulamba Gadwal,2017-06-01,June,160182,2017
Jogulamba Gadwal,2018-06-01,June,160182,2018
Jogulamba Gadwal,2016-03-01,March,0,2016
Jogulamba Gadwal,2017-03-01,March,155013,2017
Jogulamba Gadwal,2018-03-01,March,155013,2018
Jogulamba Gadwal,2019-03-01,March,155013,2019
Jogulamba Gadwal,2016-05-01,May,0,2016
Jogulamba Gadwal,2017-05-01,May,131426,2017
Jogulamba Gadwal,2018-05-01,May,131426,2018
Jogulamba Gadwal,2019-05-01,May,154609,2019
Jogulamba Gadwal,2018-11-01,November,128075,2018
Jogulamba Gadwal,2019-11-01,November,128075,2019
Jogulamba Gadwal,2016-11-01,November,188170,2016
Jogulamba Gadwal,2017-11-01,November,188170,2017
Jogulamba Gadwal,2016-10-01,October,152898,2016
Jogulamba Gadwal,2017-10-01,October,152898,2017
Jogulamba Gadwal,2018-10-01,October,152898,2018
Jogulamba Gadwal,2019-10-01,October,152898,2019
Jogulamba Gadwal,2016-09-01,September,0,2016
Jogulamba Gadwal,2018-09-01,September,121710,2018
Jogulamba Gadwal,2017-09-01,September,123733,2017
Jogulamba Gadwal,2019-09-01,September,131485,2019
Kamareddy,2016-04-01,April,0,2016
Kamareddy,2019-04-01,April,41,2019
Kamareddy,2018-04-01,April,45,2018
Kamareddy,2017-04-01,April,46,2017
Kamareddy,2016-08-01,August,0,2016
Kamareddy,2017-08-01,August,40,2017
Kamareddy,2019-08-01,August,50,2019
Kamareddy,2018-08-01,August,55,2018
Kamareddy,2017-12-01,December,41,2017
Kamareddy,2016-12-01,December,42,2016
Kamareddy,2018-12-01,December,43,2018
Kamareddy,2019-12-01,December,45,2019
Kamareddy,2016-02-01,February,0,2016
Kamareddy,2019-02-01,February,41,2019
Kamareddy,2018-02-01,February,44,2018
Kamareddy,2017-02-01,February,50,2017
Kamareddy,2016-01-01,January,0,2016
Kamareddy,2019-01-01,January,42,2019
Kamareddy,2018-01-01,January,44,2018
Kamareddy,2017-01-01,January,58,2017
Kamareddy,2016-07-01,July,0,2016
Kamareddy,2017-07-01,July,41,2017
Kamareddy,2018-07-01,July,48,2018
Kamareddy,2019-07-01,July,50,2019
Kamareddy,2016-06-01,June,0,2016
Kamareddy,2017-06-01,June,41,2017
Kamareddy,2019-06-01,June,41,2019
Kamareddy,2018-06-01,June,56,2018
Kamareddy,2016-03-01,March,0,2016
Kamareddy,2017-03-01,March,41,2017
Kamareddy,2018-03-01,March,45,2018
Kamareddy,2019-03-01,March,45,2019
Kamareddy,2016-05-01,May,0,2016
Kamareddy,2019-05-01,May,46,2019
Kamareddy,2018-05-01,May,49,2018
Kamareddy,2017-05-01,May,60,2017
Kamareddy,2016-11-01,November,38,2016
Kamareddy,2018-11-01,November,41,2018
Kamareddy,2017-11-01,November,43,2017
Kamareddy,2019-11-01,November,46,2019
Kamareddy,2017-10-01,October,38,2017
Kamareddy,2019-10-01,October,46,2019
Kamareddy,2016-10-01,October,47,2016
Kamareddy,2018-10-01,October,62,2018
Kamareddy,2016-09-01,September,0,2016
Kamareddy,2018-09-01,September,40,2018
Kamareddy,2017-09-01,September,41,2017
Kamareddy,2019-09-01,September,41,2019
Karimnagar,2019-04-01,April,5623,2019
Karimnagar,2018-04-01,April,5830,2018
Karimnagar,2017-04-01,April,8630,2017
Karimnagar,2016-04-01,April,956959,2016
Karimnagar,2019-08-01,August,5480,2019
Karimnagar,2018-08-01,August,8480,2018
Karimnagar,2017-08-01,August,10952,2017
Karimnagar,2016-08-01,August,1018399,2016
Karimnagar,2018-12-01,December,7800,2018
Karimnagar,2019-12-01,December,7898,2019
Karimnagar,2017-12-01,December,13065,2017
Karimnagar,2016-12-01,December,13890,2016
Karimnagar,2019-02-01,February,6480,2019
Karimnagar,2018-02-01,February,9330,2018
Karimnagar,2017-02-01,February,10845,2017
Karimnagar,2016-02-01,February,779960,2016
Karimnagar,2019-01-01,January,10285,2019
Karimnagar,2018-01-01,January,13505,2018
Karimnagar,2017-01-01,January,14425,2017
Karimnagar,2016-01-01,January,1984442,2016
Karimnagar,2019-07-01,July,5192,2019
Karimnagar,2018-07-01,July,6686,2018
Karimnagar,2017-07-01,July,12350,2017
Karimnagar,2016-07-01,July,401047,2016
Karimnagar,2019-06-01,June,3871,2019
Karimnagar,2018-06-01,June,7180,2018
Karimnagar,2017-06-01,June,10542,2017
Karimnagar,2016-06-01,June,914746,2016
Karimnagar,2019-03-01,March,6634,2019
Karimnagar,2018-03-01,March,7205,2018
Karimnagar,2017-03-01,March,9625,2017
Karimnagar,2016-03-01,March,1018399,2016
Karimnagar,2019-05-01,May,3393,2019
Karimnagar,2018-05-01,May,5689,2018
Karimnagar,2017-05-01,May,8890,2017
Karimnagar,2016-05-01,May,1095642,2016
Karimnagar,2019-11-01,November,7101,2019
Karimnagar,2018-11-01,November,7145,2018
Karimnagar,2017-11-01,November,8705,2017
Karimnagar,2016-11-01,November,13350,2016
Karimnagar,2018-10-01,October,6118,2018
Karimnagar,2019-10-01,October,6799,2019
Karimnagar,2017-10-01,October,8371,2017
Karimnagar,2016-10-01,October,13675,2016
Karimnagar,2017-09-01,September,7576,2017
Karimnagar,2018-09-01,September,8480,2018
Karimnagar,2019-09-01,September,8735,2019
Karimnagar,2016-09-01,September,956959,2016
Khammam,2018-04-01,April,126553,2018
Khammam,2017-04-01,April,135920,2017
Khammam,2019-04-01,April,135920,2019
Khammam,2016-04-01,April,971622,2016
Khammam,2018-08-01,August,86309,2018
Khammam,2019-08-01,August,111374,2019
Khammam,2017-08-01,August,129159,2017
Khammam,2016-08-01,August,503654,2016
Khammam,2016-12-01,December,116403,2016
Khammam,2019-12-01,December,124525,2019
Khammam,2018-12-01,December,135600,2018
Khammam,2017-12-01,December,137825,2017
Khammam,2019-02-01,February,98471,2019
Khammam,2018-02-01,February,104444,2018
Khammam,2017-02-01,February,115470,2017
Khammam,2016-02-01,February,407533,2016
Khammam,2018-01-01,January,110094,2018
Khammam,2019-01-01,January,123550,2019
Khammam,2017-01-01,January,132528,2017
Khammam,2016-01-01,January,651827,2016
Khammam,2018-07-01,July,85932,2018
Khammam,2019-07-01,July,103260,2019
Khammam,2017-07-01,July,105102,2017
Khammam,2016-07-01,July,414963,2016
Khammam,2019-06-01,June,127270,2019
Khammam,2018-06-01,June,135988,2018
Khammam,2017-06-01,June,138158,2017
Khammam,2016-06-01,June,445862,2016
Khammam,2019-03-01,March,91340,2019
Khammam,2017-03-01,March,101878,2017
Khammam,2018-03-01,March,127152,2018
Khammam,2016-03-01,March,458527,2016
Khammam,2019-05-01,May,130971,2019
Khammam,2018-05-01,May,135189,2018
Khammam,2017-05-01,May,138799,2017
Khammam,2016-05-01,May,433994,2016
Khammam,2018-11-01,November,99070,2018
Khammam,2019-11-01,November,104380,2019
Khammam,2016-11-01,November,110634,2016
Khammam,2017-11-01,November,110800,2017
Khammam,2016-10-01,October,121575,2016
Khammam,2018-10-01,October,127645,2018
Khammam,2019-10-01,October,128625,2019
Khammam,2017-10-01,October,155943,2017
Khammam,2019-09-01,September,133754,2019
Khammam,2017-09-01,September,140821,2017
Khammam,2018-09-01,September,143465,2018
Khammam,2016-09-01,September,368437,2016
Komaram Bheem Asifabad,2016-04-01,April,0,2016
Komaram Bheem Asifabad,2019-04-01,April,663,2019
Komaram Bheem Asifabad,2018-04-01,April,868,2018
Komaram Bheem Asifabad,2017-04-01,April,3074,2017
Komaram Bheem Asifabad,2016-08-01,August,0,2016
Komaram Bheem Asifabad,2018-08-01,August,2263,2018
Komaram Bheem Asifabad,2019-08-01,August,2572,2019
Komaram Bheem Asifabad,2017-08-01,August,3665,2017
Komaram Bheem Asifabad,2016-12-01,December,0,2016
Komaram Bheem Asifabad,2018-12-01,December,2176,2018
Komaram Bheem Asifabad,2019-12-01,December,2783,2019
Komaram Bheem Asifabad,2017-12-01,December,4218,2017
Komaram Bheem Asifabad,2016-02-01,February,0,2016
Komaram Bheem Asifabad,2019-02-01,February,1449,2019
Komaram Bheem Asifabad,2017-02-01,February,2490,2017
Komaram Bheem Asifabad,2018-02-01,February,2736,2018
Komaram Bheem Asifabad,2016-01-01,January,0,2016
Komaram Bheem Asifabad,2017-01-01,January,2241,2017
Komaram Bheem Asifabad,2019-01-01,January,2476,2019
Komaram Bheem Asifabad,2018-01-01,January,2863,2018
Komaram Bheem Asifabad,2016-07-01,July,0,2016
Komaram Bheem Asifabad,2019-07-01,July,1287,2019
Komaram Bheem Asifabad,2018-07-01,July,1954,2018
Komaram Bheem Asifabad,2017-07-01,July,3713,2017
Komaram Bheem Asifabad,2016-06-01,June,0,2016
Komaram Bheem Asifabad,2019-06-01,June,506,2019
Komaram Bheem Asifabad,2018-06-01,June,990,2018
Komaram Bheem Asifabad,2017-06-01,June,3796,2017
Komaram Bheem Asifabad,2016-03-01,March,0,2016
Komaram Bheem Asifabad,2019-03-01,March,1212,2019
Komaram Bheem Asifabad,2018-03-01,March,1826,2018
Komaram Bheem Asifabad,2017-03-01,March,2767,2017
Komaram Bheem Asifabad,2016-05-01,May,0,2016
Komaram Bheem Asifabad,2019-05-01,May,493,2019
Komaram Bheem Asifabad,2018-05-01,May,793,2018
Komaram Bheem Asifabad,2017-05-01,May,3416,2017
Komaram Bheem Asifabad,2016-11-01,November,0,2016
Komaram Bheem Asifabad,2018-11-01,November,1741,2018
Komaram Bheem Asifabad,2019-11-01,November,2176,2019
Komaram Bheem Asifabad,2017-11-01,November,3627,2017
Komaram Bheem Asifabad,2016-10-01,October,0,2016
Komaram Bheem Asifabad,2019-10-01,October,1943,2019
Komaram Bheem Asifabad,2018-10-01,October,2525,2018
Komaram Bheem Asifabad,2017-10-01,October,14050,2017
Komaram Bheem Asifabad,2016-09-01,September,0,2016
Komaram Bheem Asifabad,2019-09-01,September,1629,2019
Komaram Bheem Asifabad,2018-09-01,September,1819,2018
Komaram Bheem Asifabad,2017-09-01,September,3934,2017
Mahabubabad,2016-04-01,April,0,2016
Mahabubabad,2017-04-01,April,9140,2017
Mahabubabad,2018-04-01,April,12915,2018
Mahabubabad,2019-04-01,April,12980,2019
Mahabubabad,2016-08-01,August,0,2016
Mahabubabad,2019-08-01,August,12190,2019
Mahabubabad,2017-08-01,August,12520,2017
Mahabubabad,2018-08-01,August,13200,2018
Mahabubabad,2019-12-01,December,12360,2019
Mahabubabad,2016-12-01,December,12955,2016
Mahabubabad,2017-12-01,December,13780,2017
Mahabubabad,2018-12-01,December,17125,2018
Mahabubabad,2016-02-01,February,0,2016
Mahabubabad,2017-02-01,February,13045,2017
Mahabubabad,2019-02-01,February,13545,2019
Mahabubabad,2018-02-01,February,14230,2018
Mahabubabad,2016-01-01,January,0,2016
Mahabubabad,2017-01-01,January,13260,2017
Mahabubabad,2019-01-01,January,13480,2019
Mahabubabad,2018-01-01,January,14000,2018
Mahabubabad,2016-07-01,July,0,2016
Mahabubabad,2017-07-01,July,10170,2017
Mahabubabad,2019-07-01,July,13470,2019
Mahabubabad,2018-07-01,July,13970,2018
Mahabubabad,2016-06-01,June,0,2016
Mahabubabad,2017-06-01,June,10130,2017
Mahabubabad,2019-06-01,June,11460,2019
Mahabubabad,2018-06-01,June,13910,2018
Mahabubabad,2016-03-01,March,0,2016
Mahabubabad,2017-03-01,March,9100,2017
Mahabubabad,2018-03-01,March,13110,2018
Mahabubabad,2019-03-01,March,13490,2019
Mahabubabad,2016-05-01,May,0,2016
Mahabubabad,2017-05-01,May,10220,2017
Mahabubabad,2019-05-01,May,11970,2019
Mahabubabad,2018-05-01,May,12865,2018
Mahabubabad,2019-11-01,November,12470,2019
Mahabubabad,2017-11-01,November,13560,2017
Mahabubabad,2018-11-01,November,13700,2018
Mahabubabad,2016-11-01,November,114015,2016
Mahabubabad,2019-10-01,October,12260,2019
Mahabubabad,2016-10-01,October,13032,2016
Mahabubabad,2018-10-01,October,13550,2018
Mahabubabad,2017-10-01,October,13750,2017
Mahabubabad,2016-09-01,September,0,2016
Mahabubabad,2017-09-01,September,13140,2017
Mahabubabad,2019-09-01,September,13210,2019
Mahabubabad,2018-09-01,September,13420,2018
Mahbubnagar,2019-04-01,April,183268,2019
Mahbubnagar,2018-04-01,April,196061,2018
Mahbubnagar,2017-04-01,April,208694,2017
Mahbubnagar,2016-04-01,April,622432,2016
Mahbubnagar,2019-08-01,August,104787,2019
Mahbubnagar,2018-08-01,August,169154,2018
Mahbubnagar,2017-08-01,August,215229,2017
Mahbubnagar,2016-08-01,August,1133105,2016
Mahbubnagar,2019-12-01,December,148938,2019
Mahbubnagar,2018-12-01,December,198227,2018
Mahbubnagar,2016-12-01,December,210202,2016
Mahbubnagar,2017-12-01,December,426167,2017
Mahbubnagar,2018-02-01,February,788083,2018
Mahbubnagar,2019-02-01,February,798949,2019
Mahbubnagar,2017-02-01,February,805392,2017
Mahbubnagar,2016-02-01,February,1312068,2016
Mahbubnagar,2018-01-01,January,156153,2018
Mahbubnagar,2019-01-01,January,168082,2019
Mahbubnagar,2017-01-01,January,446135,2017
Mahbubnagar,2016-01-01,January,577071,2016
Mahbubnagar,2019-07-01,July,100398,2019
Mahbubnagar,2018-07-01,July,161841,2018
Mahbubnagar,2017-07-01,July,179099,2017
Mahbubnagar,2016-07-01,July,562322,2016
Mahbubnagar,2018-06-01,June,165553,2018
Mahbubnagar,2019-06-01,June,175853,2019
Mahbubnagar,2017-06-01,June,179210,2017
Mahbubnagar,2016-06-01,June,561006,2016
Mahbubnagar,2018-03-01,March,166863,2018
Mahbubnagar,2019-03-01,March,173658,2019
Mahbubnagar,2017-03-01,March,178256,2017
Mahbubnagar,2016-03-01,March,1731983,2016
Mahbubnagar,2019-05-01,May,175202,2019
Mahbubnagar,2018-05-01,May,193478,2018
Mahbubnagar,2017-05-01,May,214209,2017
Mahbubnagar,2016-05-01,May,571898,2016
Mahbubnagar,2019-11-01,November,234066,2019
Mahbubnagar,2016-11-01,November,256375,2016
Mahbubnagar,2017-11-01,November,259060,2017
Mahbubnagar,2018-11-01,November,295910,2018
Mahbubnagar,2019-10-01,October,130227,2019
Mahbubnagar,2018-10-01,October,193152,2018
Mahbubnagar,2017-10-01,October,196103,2017
Mahbubnagar,2016-10-01,October,198592,2016
Mahbubnagar,2019-09-01,September,141387,2019
Mahbubnagar,2018-09-01,September,167833,2018
Mahbubnagar,2017-09-01,September,180675,2017
Mahbubnagar,2016-09-01,September,567712,2016
Mancherial,2016-04-01,April,0,2016
Mancherial,2017-04-01,April,1513,2017
Mancherial,2019-04-01,April,23026,2019
Mancherial,2018-04-01,April,38483,2018
Mancherial,2016-08-01,August,0,2016
Mancherial,2019-08-01,August,21191,2019
Mancherial,2017-08-01,August,26104,2017
Mancherial,2018-08-01,August,31861,2018
Mancherial,2016-12-01,December,2423,2016
Mancherial,2019-12-01,December,16835,2019
Mancherial,2017-12-01,December,30328,2017
Mancherial,2018-12-01,December,31496,2018
Mancherial,2016-02-01,February,0,2016
Mancherial,2017-02-01,February,3130,2017
Mancherial,2019-02-01,February,26325,2019
Mancherial,2018-02-01,February,38599,2018
Mancherial,2016-01-01,January,0,2016
Mancherial,2017-01-01,January,2937,2017
Mancherial,2019-01-01,January,18420,2019
Mancherial,2018-01-01,January,71955,2018
Mancherial,2016-07-01,July,0,2016
Mancherial,2019-07-01,July,22303,2019
Mancherial,2018-07-01,July,27937,2018
Mancherial,2017-07-01,July,33591,2017
Mancherial,2016-06-01,June,0,2016
Mancherial,2017-06-01,June,2119,2017
Mancherial,2019-06-01,June,24593,2019
Mancherial,2018-06-01,June,31667,2018
Mancherial,2016-03-01,March,0,2016
Mancherial,2017-03-01,March,2775,2017
Mancherial,2019-03-01,March,16253,2019
Mancherial,2018-03-01,March,20749,2018
Mancherial,2016-05-01,May,0,2016
Mancherial,2017-05-01,May,1424,2017
Mancherial,2018-05-01,May,26179,2018
Mancherial,2019-05-01,May,26616,2019
Mancherial,2016-11-01,November,2255,2016
Mancherial,2018-11-01,November,25197,2018
Mancherial,2017-11-01,November,25737,2017
Mancherial,2019-11-01,November,29302,2019
Mancherial,2016-10-01,October,3124,2016
Mancherial,2019-10-01,October,20867,2019
Mancherial,2018-10-01,October,30740,2018
Mancherial,2017-10-01,October,37671,2017
Mancherial,2016-09-01,September,0,2016
Mancherial,2018-09-01,September,23141,2018
Mancherial,2019-09-01,September,24079,2019
Mancherial,2017-09-01,September,24297,2017
Medak,2018-04-01,April,200000,2018
Medak,2016-04-01,April,300000,2016
Medak,2017-04-01,April,554864,2017
Medak,2019-04-01,April,650000,2019
Medak,2018-08-01,August,50000,2018
Medak,2016-08-01,August,216100,2016
Medak,2019-08-01,August,349900,2019
Medak,2017-08-01,August,632830,2017
Medak,2019-12-01,December,350710,2019
Medak,2018-12-01,December,400000,2018
Medak,2016-12-01,December,523000,2016
Medak,2017-12-01,December,926526,2017
Medak,2016-02-01,February,215000,2016
Medak,2017-02-01,February,543321,2017
Medak,2019-02-01,February,600000,2019
Medak,2018-02-01,February,1000000,2018
Medak,2016-01-01,January,92600,2016
Medak,2018-01-01,January,100000,2018
Medak,2019-01-01,January,400000,2019
Medak,2017-01-01,January,523000,2017
Medak,2018-07-01,July,150000,2018
Medak,2016-07-01,July,153300,2016
Medak,2019-07-01,July,350000,2019
Medak,2017-07-01,July,575300,2017
Medak,2016-06-01,June,166700,2016
Medak,2019-06-01,June,300000,2019
Medak,2018-06-01,June,500000,2018
Medak,2017-06-01,June,561469,2017
Medak,2017-03-01,March,548535,2017
Medak,2018-03-01,March,600000,2018
Medak,2019-03-01,March,1000000,2019
Medak,2016-03-01,March,1318000,2016
Medak,2016-05-01,May,198000,2016
Medak,2018-05-01,May,300000,2018
Medak,2019-05-01,May,400000,2019
Medak,2017-05-01,May,556891,2017
Medak,2016-11-01,November,132300,2016
Medak,2018-11-01,November,200000,2018
Medak,2019-11-01,November,351560,2019
Medak,2017-11-01,November,842296,2017
Medak,2016-10-01,October,15600,2016
Medak,2018-10-01,October,300000,2018
Medak,2019-10-01,October,350000,2019
Medak,2017-10-01,October,765724,2017
Medak,2018-09-01,September,100000,2018
Medak,2016-09-01,September,132600,2016
Medak,2019-09-01,September,350400,2019
Medak,2017-09-01,September,696113,2017
Medchal,2016-04-01,April,0,2016
Medchal,2017-04-01,April,0,2017
Medchal,2018-04-01,April,0,2018
Medchal,2019-04-01,April,0,2019
Medchal,2016-08-01,August,0,2016
Medchal,2017-08-01,August,0,2017
Medchal,2018-08-01,August,0,2018
Medchal,2019-08-01,August,0,2019
Medchal,2016-12-01,December,0,2016
Medchal,2017-12-01,December,0,2017
Medchal,2018-12-01,December,0,2018
Medchal,2019-12-01,December,0,2019
Medchal,2016-02-01,February,0,2016
Medchal,2017-02-01,February,0,2017
Medchal,2018-02-01,February,0,2018
Medchal,2019-02-01,February,0,2019
Medchal,2016-01-01,January,0,2016
Medchal,2017-01-01,January,0,2017
Medchal,2018-01-01,January,0,2018
Medchal,2019-01-01,January,0,2019
Medchal,2016-07-01,July,0,2016
Medchal,2017-07-01,July,0,2017
Medchal,2018-07-01,July,0,2018
Medchal,2019-07-01,July,0,2019
Medchal,2016-06-01,June,0,2016
Medchal,2017-06-01,June,0,2017
Medchal,2018-06-01,June,0,2018
Medchal,2019-06-01,June,0,2019
Medchal,2016-03-01,March,0,2016
Medchal,2017-03-01,March,0,2017
Medchal,2018-03-01,March,0,2018
Medchal,2019-03-01,March,0,2019
Medchal,2016-05-01,May,0,2016
Medchal,2017-05-01,May,0,2017
Medchal,2018-05-01,May,0,2018
Medchal,2019-05-01,May,0,2019
Medchal,2016-11-01,November,0,2016
Medchal,2017-11-01,November,0,2017
Medchal,2018-11-01,November,0,2018
Medchal,2019-11-01,November,0,2019
Medchal,2016-10-01,October,0,2016
Medchal,2017-10-01,October,0,2017
Medchal,2018-10-01,October,0,2018
Medchal,2019-10-01,October,0,2019
Medchal,2016-09-01,September,0,2016
Medchal,2017-09-01,September,0,2017
Medchal,2018-09-01,September,0,2018
Medchal,2019-09-01,September,0,2019
Mulugu,2019-04-01,April,152570,2019
Mulugu,2019-08-01,August,171050,2019
Mulugu,2019-12-01,December,175100,2019
Mulugu,2019-02-01,February,159640,2019
Mulugu,2019-01-01,January,0,2019
Mulugu,2019-07-01,July,167700,2019
Mulugu,2019-06-01,June,163480,2019
Mulugu,2019-03-01,March,156610,2019
Mulugu,2019-05-01,May,154550,2019
Mulugu,2019-11-01,November,173700,2019
Mulugu,2019-10-01,October,172500,2019
Mulugu,2019-09-01,September,172900,2019
Nagarkurnool,2016-04-01,April,0,2016
Nagarkurnool,2019-04-01,April,121460,2019
Nagarkurnool,2018-04-01,April,174592,2018
Nagarkurnool,2017-04-01,April,183697,2017
Nagarkurnool,2016-08-01,August,0,2016
Nagarkurnool,2018-08-01,August,118010,2018
Nagarkurnool,2019-08-01,August,118010,2019
Nagarkurnool,2017-08-01,August,181861,2017
Nagarkurnool,2016-12-01,December,198637,2016
Nagarkurnool,2018-12-01,December,198637,2018
Nagarkurnool,2019-12-01,December,198637,2019
Nagarkurnool,2017-12-01,December,382879,2017
Nagarkurnool,2016-02-01,February,0,2016
Nagarkurnool,2017-02-01,February,286258,2017
Nagarkurnool,2018-02-01,February,286258,2018
Nagarkurnool,2019-02-01,February,286258,2019
Nagarkurnool,2016-01-01,January,0,2016
Nagarkurnool,2018-01-01,January,228812,2018
Nagarkurnool,2019-01-01,January,228812,2019
Nagarkurnool,2017-01-01,January,382879,2017
Nagarkurnool,2016-07-01,July,0,2016
Nagarkurnool,2018-07-01,July,93450,2018
Nagarkurnool,2019-07-01,July,93450,2019
Nagarkurnool,2017-07-01,July,180010,2017
Nagarkurnool,2016-06-01,June,0,2016
Nagarkurnool,2017-06-01,June,180010,2017
Nagarkurnool,2018-06-01,June,180010,2018
Nagarkurnool,2019-06-01,June,184508,2019
Nagarkurnool,2016-03-01,March,0,2016
Nagarkurnool,2017-03-01,March,184508,2017
Nagarkurnool,2018-03-01,March,184508,2018
Nagarkurnool,2019-03-01,March,184508,2019
Nagarkurnool,2016-05-01,May,0,2016
Nagarkurnool,2017-05-01,May,183697,2017
Nagarkurnool,2018-05-01,May,183697,2018
Nagarkurnool,2019-05-01,May,184372,2019
Nagarkurnool,2019-11-01,November,121425,2019
Nagarkurnool,2018-11-01,November,121452,2018
Nagarkurnool,2016-11-01,November,188786,2016
Nagarkurnool,2017-11-01,November,188786,2017
Nagarkurnool,2019-10-01,October,196160,2019
Nagarkurnool,2016-10-01,October,201050,2016
Nagarkurnool,2017-10-01,October,201050,2017
Nagarkurnool,2018-10-01,October,201050,2018
Nagarkurnool,2016-09-01,September,0,2016
Nagarkurnool,2017-09-01,September,118010,2017
Nagarkurnool,2018-09-01,September,118449,2018
Nagarkurnool,2019-09-01,September,175712,2019
Nalgonda,2019-04-01,April,7202,2019
Nalgonda,2018-04-01,April,9779,2018
Nalgonda,2017-04-01,April,44295,2017
Nalgonda,2016-04-01,April,601253,2016
Nalgonda,2019-08-01,August,7473,2019
Nalgonda,2017-08-01,August,9363,2017
Nalgonda,2018-08-01,August,10135,2018
Nalgonda,2016-08-01,August,988102,2016
Nalgonda,2018-12-01,December,6777,2018
Nalgonda,2019-12-01,December,13419,2019
Nalgonda,2016-12-01,December,13775,2016
Nalgonda,2017-12-01,December,25897,2017
Nalgonda,2017-02-01,February,8652,2017
Nalgonda,2018-02-01,February,9971,2018
Nalgonda,2019-02-01,February,13697,2019
Nalgonda,2016-02-01,February,539467,2016
Nalgonda,2017-01-01,January,4447,2017
Nalgonda,2019-01-01,January,21284,2019
Nalgonda,2018-01-01,January,36205,2018
Nalgonda,2016-01-01,January,566515,2016
Nalgonda,2018-07-01,July,9668,2018
Nalgonda,2019-07-01,July,19783,2019
Nalgonda,2017-07-01,July,21361,2017
Nalgonda,2016-07-01,July,582820,2016
Nalgonda,2019-06-01,June,5558,2019
Nalgonda,2018-06-01,June,9066,2018
Nalgonda,2017-06-01,June,37879,2017
Nalgonda,2016-06-01,June,551239,2016
Nalgonda,2017-03-01,March,8054,2017
Nalgonda,2019-03-01,March,8467,2019
Nalgonda,2018-03-01,March,9677,2018
Nalgonda,2016-03-01,March,619462,2016
Nalgonda,2018-05-01,May,10241,2018
Nalgonda,2017-05-01,May,10750,2017
Nalgonda,2019-05-01,May,26338,2019
Nalgonda,2016-05-01,May,628872,2016
Nalgonda,2018-11-01,November,5422,2018
Nalgonda,2019-11-01,November,7177,2019
Nalgonda,2017-11-01,November,17687,2017
Nalgonda,2016-11-01,November,21046,2016
Nalgonda,2016-10-01,October,3508,2016
Nalgonda,2019-10-01,October,5290,2019
Nalgonda,2018-10-01,October,22332,2018
Nalgonda,2017-10-01,October,36066,2017
Nalgonda,2019-09-01,September,5230,2019
Nalgonda,2017-09-01,September,17465,2017
Nalgonda,2018-09-01,September,21365,2018
Nalgonda,2016-09-01,September,742402,2016
Narayanapet,2019-04-01,April,0,2019
Narayanapet,2019-08-01,August,72249,2019
Narayanapet,2019-12-01,December,64355,2019
Narayanapet,2019-02-01,February,0,2019
Narayanapet,2019-01-01,January,0,2019
Narayanapet,2019-07-01,July,68842,2019
Narayanapet,2019-06-01,June,0,2019
Narayanapet,2019-03-01,March,0,2019
Narayanapet,2019-05-01,May,0,2019
Narayanapet,2019-11-01,November,62750,2019
Narayanapet,2019-10-01,October,58213,2019
Narayanapet,2019-09-01,September,62841,2019
Nirmal,2016-04-01,April,0,2016
Nirmal,2017-04-01,April,274132,2017
Nirmal,2019-04-01,April,327971,2019
Nirmal,2018-04-01,April,368645,2018
Nirmal,2016-08-01,August,0,2016
Nirmal,2018-08-01,August,313910,2018
Nirmal,2019-08-01,August,334646,2019
Nirmal,2017-08-01,August,340430,2017
Nirmal,2016-12-01,December,239267,2016
Nirmal,2019-12-01,December,296050,2019
Nirmal,2017-12-01,December,340585,2017
Nirmal,2018-12-01,December,361461,2018
Nirmal,2016-02-01,February,0,2016
Nirmal,2018-02-01,February,335447,2018
Nirmal,2017-02-01,February,415326,2017
Nirmal,2019-02-01,February,443898,2019
Nirmal,2016-01-01,January,0,2016
Nirmal,2019-01-01,January,313675,2019
Nirmal,2017-01-01,January,340311,2017
Nirmal,2018-01-01,January,480241,2018
Nirmal,2016-07-01,July,0,2016
Nirmal,2017-07-01,July,328101,2017
Nirmal,2018-07-01,July,335356,2018
Nirmal,2019-07-01,July,359495,2019
Nirmal,2016-06-01,June,0,2016
Nirmal,2017-06-01,June,340359,2017
Nirmal,2019-06-01,June,349747,2019
Nirmal,2018-06-01,June,355197,2018
Nirmal,2016-03-01,March,0,2016
Nirmal,2018-03-01,March,328099,2018
Nirmal,2019-03-01,March,424964,2019
Nirmal,2017-03-01,March,442057,2017
Nirmal,2016-05-01,May,0,2016
Nirmal,2019-05-01,May,149705,2019
Nirmal,2017-05-01,May,297233,2017
Nirmal,2018-05-01,May,342650,2018
Nirmal,2016-11-01,November,201388,2016
Nirmal,2019-11-01,November,253388,2019
Nirmal,2018-11-01,November,289169,2018
Nirmal,2017-11-01,November,369365,2017
Nirmal,2019-10-01,October,263412,2019
Nirmal,2018-10-01,October,373291,2018
Nirmal,2017-10-01,October,388644,2017
Nirmal,2016-10-01,October,475955,2016
Nirmal,2016-09-01,September,0,2016
Nirmal,2018-09-01,September,293859,2018
Nirmal,2019-09-01,September,299827,2019
Nirmal,2017-09-01,September,528540,2017
Nizamabad,2016-04-01,April,476,2016
Nizamabad,2019-04-01,April,958,2019
Nizamabad,2017-04-01,April,1048,2017
Nizamabad,2018-04-01,April,3550,2018
Nizamabad,2016-08-01,August,589,2016
Nizamabad,2019-08-01,August,1004,2019
Nizamabad,2017-08-01,August,1583,2017
Nizamabad,2018-08-01,August,10525,2018
Nizamabad,2016-12-01,December,355,2016
Nizamabad,2018-12-01,December,355,2018
Nizamabad,2017-12-01,December,1787,2017
Nizamabad,2019-12-01,December,11400,2019
Nizamabad,2016-02-01,February,869,2016
Nizamabad,2019-02-01,February,915,2019
Nizamabad,2017-02-01,February,1752,2017
Nizamabad,2018-02-01,February,7152,2018
Nizamabad,2016-01-01,January,576,2016
Nizamabad,2017-01-01,January,613,2017
Nizamabad,2019-01-01,January,878,2019
Nizamabad,2018-01-01,January,2495,2018
Nizamabad,2016-07-01,July,644,2016
Nizamabad,2019-07-01,July,990,2019
Nizamabad,2017-07-01,July,1520,2017
Nizamabad,2018-07-01,July,5882,2018
Nizamabad,2016-06-01,June,367,2016
Nizamabad,2019-06-01,June,686,2019
Nizamabad,2018-06-01,June,1761,2018
Nizamabad,2017-06-01,June,2391,2017
Nizamabad,2016-03-01,March,408,2016
Nizamabad,2017-03-01,March,660,2017
Nizamabad,2019-03-01,March,938,2019
Nizamabad,2018-03-01,March,2903,2018
Nizamabad,2016-05-01,May,554,2016
Nizamabad,2019-05-01,May,1193,2019
Nizamabad,2017-05-01,May,1341,2017
Nizamabad,2018-05-01,May,5360,2018
Nizamabad,2018-11-01,November,475,2018
Nizamabad,2016-11-01,November,617,2016
Nizamabad,2017-11-01,November,1677,2017
Nizamabad,2019-11-01,November,11950,2019
Nizamabad,2016-10-01,October,434,2016
Nizamabad,2018-10-01,October,490,2018
Nizamabad,2017-10-01,October,6644,2017
Nizamabad,2019-10-01,October,8849,2019
Nizamabad,2018-09-01,September,475,2018
Nizamabad,2016-09-01,September,553,2016
Nizamabad,2017-09-01,September,933,2017
Nizamabad,2019-09-01,September,6572,2019
Peddapalli,2016-04-01,April,0,2016
Peddapalli,2017-04-01,April,750,2017
Peddapalli,2019-04-01,April,942,2019
Peddapalli,2018-04-01,April,1940,2018
Peddapalli,2016-08-01,August,0,2016
Peddapalli,2017-08-01,August,1385,2017
Peddapalli,2019-08-01,August,1505,2019
Peddapalli,2018-08-01,August,1595,2018
Peddapalli,2016-12-01,December,1149,2016
Peddapalli,2018-12-01,December,1695,2018
Peddapalli,2017-12-01,December,1765,2017
Peddapalli,2019-12-01,December,2315,2019
Peddapalli,2016-02-01,February,0,2016
Peddapalli,2019-02-01,February,1157,2019
Peddapalli,2017-02-01,February,1378,2017
Peddapalli,2018-02-01,February,2695,2018
Peddapalli,2016-01-01,January,0,2016
Peddapalli,2019-01-01,January,1055,2019
Peddapalli,2017-01-01,January,1345,2017
Peddapalli,2018-01-01,January,2670,2018
Peddapalli,2016-07-01,July,0,2016
Peddapalli,2019-07-01,July,1085,2019
Peddapalli,2017-07-01,July,1095,2017
Peddapalli,2018-07-01,July,1580,2018
Peddapalli,2016-06-01,June,0,2016
Peddapalli,2019-06-01,June,735,2019
Peddapalli,2017-06-01,June,885,2017
Peddapalli,2018-06-01,June,1580,2018
Peddapalli,2016-03-01,March,0,2016
Peddapalli,2019-03-01,March,895,2019
Peddapalli,2017-03-01,March,965,2017
Peddapalli,2018-03-01,March,2325,2018
Peddapalli,2016-05-01,May,0,2016
Peddapalli,2017-05-01,May,640,2017
Peddapalli,2019-05-01,May,802,2019
Peddapalli,2018-05-01,May,1499,2018
Peddapalli,2016-11-01,November,1145,2016
Peddapalli,2018-11-01,November,1655,2018
Peddapalli,2017-11-01,November,1940,2017
Peddapalli,2019-11-01,November,2225,2019
Peddapalli,2016-10-01,October,950,2016
Peddapalli,2018-10-01,October,1545,2018
Peddapalli,2017-10-01,October,1595,2017
Peddapalli,2019-10-01,October,2080,2019
Peddapalli,2016-09-01,September,0,2016
Peddapalli,2017-09-01,September,1155,2017
Peddapalli,2018-09-01,September,1475,2018
Peddapalli,2019-09-01,September,1785,2019
Rajanna Sircilla,2016-04-01,April,0,2016
Rajanna Sircilla,2018-04-01,April,833874,2018
Rajanna Sircilla,2017-04-01,April,1146782,2017
Rajanna Sircilla,2019-04-01,April,1148062,2019
Rajanna Sircilla,2016-08-01,August,0,2016
Rajanna Sircilla,2018-08-01,August,320952,2018
Rajanna Sircilla,2019-08-01,August,586118,2019
Rajanna Sircilla,2017-08-01,August,1004410,2017
Rajanna Sircilla,2016-12-01,December,778240,2016
Rajanna Sircilla,2018-12-01,December,950128,2018
Rajanna Sircilla,2019-12-01,December,1472801,2019
Rajanna Sircilla,2017-12-01,December,1649362,2017
Rajanna Sircilla,2016-02-01,February,0,2016
Rajanna Sircilla,2019-02-01,February,1015550,2019
Rajanna Sircilla,2018-02-01,February,1021787,2018
Rajanna Sircilla,2017-02-01,February,1255569,2017
Rajanna Sircilla,2016-01-01,January,0,2016
Rajanna Sircilla,2017-01-01,January,615842,2017
Rajanna Sircilla,2018-01-01,January,2238074,2018
Rajanna Sircilla,2019-01-01,January,6188298,2019
Rajanna Sircilla,2016-07-01,July,0,2016
Rajanna Sircilla,2019-07-01,July,422961,2019
Rajanna Sircilla,2017-07-01,July,462022,2017
Rajanna Sircilla,2018-07-01,July,937720,2018
Rajanna Sircilla,2016-06-01,June,0,2016
Rajanna Sircilla,2018-06-01,June,320886,2018
Rajanna Sircilla,2017-06-01,June,1113882,2017
Rajanna Sircilla,2019-06-01,June,1128849,2019
Rajanna Sircilla,2016-03-01,March,0,2016
Rajanna Sircilla,2018-03-01,March,1022669,2018
Rajanna Sircilla,2017-03-01,March,1030441,2017
Rajanna Sircilla,2019-03-01,March,1444971,2019
Rajanna Sircilla,2016-05-01,May,0,2016
Rajanna Sircilla,2019-05-01,May,1018131,2019
Rajanna Sircilla,2018-05-01,May,1021952,2018
Rajanna Sircilla,2017-05-01,May,1117228,2017
Rajanna Sircilla,2018-11-01,November,840933,2018
Rajanna Sircilla,2016-11-01,November,864077,2016
Rajanna Sircilla,2017-11-01,November,1191129,2017
Rajanna Sircilla,2019-11-01,November,1259371,2019
Rajanna Sircilla,2018-10-01,October,506563,2018
Rajanna Sircilla,2016-10-01,October,534484,2016
Rajanna Sircilla,2019-10-01,October,646492,2019
Rajanna Sircilla,2017-10-01,October,845620,2017
Rajanna Sircilla,2016-09-01,September,0,2016
Rajanna Sircilla,2017-09-01,September,487060,2017
Rajanna Sircilla,2019-09-01,September,501293,2019
Rajanna Sircilla,2018-09-01,September,818693,2018
Ranga Reddy,2016-04-01,April,0,2016
Ranga Reddy,2017-04-01,April,0,2017
Ranga Reddy,2018-04-01,April,0,2018
Ranga Reddy,2019-04-01,April,0,2019
Ranga Reddy,2016-08-01,August,0,2016
Ranga Reddy,2017-08-01,August,0,2017
Ranga Reddy,2018-08-01,August,0,2018
Ranga Reddy,2019-08-01,August,0,2019
Ranga Reddy,2016-12-01,December,0,2016
Ranga Reddy,2017-12-01,December,0,2017
Ranga Reddy,2018-12-01,December,0,2018
Ranga Reddy,2019-12-01,December,0,2019
Ranga Reddy,2016-02-01,February,0,2016
Ranga Reddy,2017-02-01,February,0,2017
Ranga Reddy,2018-02-01,February,0,2018
Ranga Reddy,2019-02-01,February,0,2019
Ranga Reddy,2016-01-01,January,0,2016
Ranga Reddy,2017-01-01,January,0,2017
Ranga Reddy,2018-01-01,January,0,2018
Ranga Reddy,2019-01-01,January,0,2019
Ranga Reddy,2016-07-01,July,0,2016
Ranga Reddy,2017-07-01,July,0,2017
Ranga Reddy,2018-07-01,July,0,2018
Ranga Reddy,2019-07-01,July,0,2019
Ranga Reddy,2016-06-01,June,0,2016
Ranga Reddy,2017-06-01,June,0,2017
Ranga Reddy,2018-06-01,June,0,2018
Ranga Reddy,2019-06-01,June,0,2019
Ranga Reddy,2016-03-01,March,0,2016
Ranga Reddy,2017-03-01,March,0,2017
Ranga Reddy,2018-03-01,March,0,2018
Ranga Reddy,2019-03-01,March,0,2019
Ranga Reddy,2016-05-01,May,0,2016
Ranga Reddy,2017-05-01,May,0,2017
Ranga Reddy,2018-05-01,May,0,2018
Ranga Reddy,2019-05-01,May,0,2019
Ranga Reddy,2016-11-01,November,0,2016
Ranga Reddy,2017-11-01,November,0,2017
Ranga Reddy,2018-11-01,November,0,2018
Ranga Reddy,2019-11-01,November,0,2019
Ranga Reddy,2016-10-01,October,0,2016
Ranga Reddy,2017-10-01,October,0,2017
Ranga Reddy,2018-10-01,October,0,2018
Ranga Reddy,2019-10-01,October,0,2019
Ranga Reddy,2016-09-01,September,0,2016
Ranga Reddy,2017-09-01,September,0,2017
Ranga Reddy,2018-09-01,September,0,2018
Ranga Reddy,2019-09-01,September,0,2019
Sangareddy,2016-04-01,April,0,2016
Sangareddy,2018-04-01,April,162500,2018
Sangareddy,2019-04-01,April,205000,2019
Sangareddy,2017-04-01,April,215000,2017
Sangareddy,2016-08-01,August,0,2016
Sangareddy,2018-08-01,August,205000,2018
Sangareddy,2017-08-01,August,295000,2017
Sangareddy,2019-08-01,August,466150,2019
Sangareddy,2018-12-01,December,134000,2018
Sangareddy,2016-12-01,December,155000,2016
Sangareddy,2017-12-01,December,356950,2017
Sangareddy,2019-12-01,December,478470,2019
Sangareddy,2016-02-01,February,0,2016
Sangareddy,2017-02-01,February,140000,2017
Sangareddy,2019-02-01,February,148000,2019
Sangareddy,2018-02-01,February,540000,2018
Sangareddy,2016-01-01,January,0,2016
Sangareddy,2019-01-01,January,144000,2019
Sangareddy,2017-01-01,January,195000,2017
Sangareddy,2018-01-01,January,254000,2018
Sangareddy,2016-07-01,July,0,2016
Sangareddy,2018-07-01,July,108600,2018
Sangareddy,2017-07-01,July,195000,2017
Sangareddy,2019-07-01,July,467000,2019
Sangareddy,2016-06-01,June,0,2016
Sangareddy,2018-06-01,June,93500,2018
Sangareddy,2017-06-01,June,180000,2017
Sangareddy,2019-06-01,June,347000,2019
Sangareddy,2016-03-01,March,0,2016
Sangareddy,2018-03-01,March,158500,2018
Sangareddy,2017-03-01,March,275000,2017
Sangareddy,2019-03-01,March,747000,2019
Sangareddy,2016-05-01,May,0,2016
Sangareddy,2019-05-01,May,133000,2019
Sangareddy,2018-05-01,May,157000,2018
Sangareddy,2017-05-01,May,215000,2017
Sangareddy,2018-11-01,November,160000,2018
Sangareddy,2017-11-01,November,324500,2017
Sangareddy,2016-11-01,November,349000,2016
Sangareddy,2019-11-01,November,481720,2019
Sangareddy,2018-10-01,October,171800,2018
Sangareddy,2017-10-01,October,232000,2017
Sangareddy,2016-10-01,October,274000,2016
Sangareddy,2019-10-01,October,467470,2019
Sangareddy,2016-09-01,September,0,2016
Sangareddy,2018-09-01,September,125000,2018
Sangareddy,2017-09-01,September,200000,2017
Sangareddy,2019-09-01,September,468350,2019
Siddipet,2016-04-01,April,0,2016
Siddipet,2017-04-01,April,80500,2017
Siddipet,2018-04-01,April,115000,2018
Siddipet,2019-04-01,April,184412,2019
Siddipet,2016-08-01,August,0,2016
Siddipet,2017-08-01,August,97405,2017
Siddipet,2018-08-01,August,100000,2018
Siddipet,2019-08-01,August,190750,2019
Siddipet,2018-12-01,December,50000,2018
Siddipet,2016-12-01,December,80500,2016
Siddipet,2017-12-01,December,142612,2017
Siddipet,2019-12-01,December,217930,2019
Siddipet,2016-02-01,February,0,2016
Siddipet,2018-02-01,February,44000,2018
Siddipet,2017-02-01,February,80500,2017
Siddipet,2019-02-01,February,199549,2019
Siddipet,2016-01-01,January,0,2016
Siddipet,2017-01-01,January,80500,2017
Siddipet,2019-01-01,January,140793,2019
Siddipet,2018-01-01,January,253000,2018
Siddipet,2016-07-01,July,0,2016
Siddipet,2018-07-01,July,54000,2018
Siddipet,2017-07-01,July,88550,2017
Siddipet,2019-07-01,July,179320,2019
Siddipet,2016-06-01,June,0,2016
Siddipet,2017-06-01,June,60000,2017
Siddipet,2018-06-01,June,104300,2018
Siddipet,2019-06-01,June,1037000,2019
Siddipet,2016-03-01,March,0,2016
Siddipet,2017-03-01,March,80500,2017
Siddipet,2018-03-01,March,164800,2018
Siddipet,2019-03-01,March,204600,2019
Siddipet,2016-05-01,May,0,2016
Siddipet,2017-05-01,May,80500,2017
Siddipet,2019-05-01,May,110500,2019
Siddipet,2018-05-01,May,165200,2018
Siddipet,2017-11-01,November,129647,2017
Siddipet,2018-11-01,November,135000,2018
Siddipet,2016-11-01,November,154400,2016
Siddipet,2019-11-01,November,209130,2019
Siddipet,2018-10-01,October,43000,2018
Siddipet,2017-10-01,October,117861,2017
Siddipet,2016-10-01,October,123500,2016
Siddipet,2019-10-01,October,191330,2019
Siddipet,2016-09-01,September,0,2016
Siddipet,2018-09-01,September,55000,2018
Siddipet,2017-09-01,September,107146,2017
Siddipet,2019-09-01,September,122550,2019
Suryapet,2016-04-01,April,0,2016
Suryapet,2017-04-01,April,0,2017
Suryapet,2018-04-01,April,0,2018
Suryapet,2019-04-01,April,0,2019
Suryapet,2016-08-01,August,0,2016
Suryapet,2017-08-01,August,0,2017
Suryapet,2018-08-01,August,0,2018
Suryapet,2019-08-01,August,0,2019
Suryapet,2016-12-01,December,0,2016
Suryapet,2017-12-01,December,0,2017
Suryapet,2018-12-01,December,0,2018
Suryapet,2019-12-01,December,0,2019
Suryapet,2016-02-01,February,0,2016
Suryapet,2017-02-01,February,0,2017
Suryapet,2018-02-01,February,0,2018
Suryapet,2019-02-01,February,0,2019
Suryapet,2016-01-01,January,0,2016
Suryapet,2017-01-01,January,0,2017
Suryapet,2018-01-01,January,0,2018
Suryapet,2019-01-01,January,0,2019
Suryapet,2016-07-01,July,0,2016
Suryapet,2017-07-01,July,0,2017
Suryapet,2018-07-01,July,0,2018
Suryapet,2019-07-01,July,0,2019
Suryapet,2016-06-01,June,0,2016
Suryapet,2017-06-01,June,0,2017
Suryapet,2018-06-01,June,0,2018
Suryapet,2019-06-01,June,0,2019
Suryapet,2016-03-01,March,0,2016
Suryapet,2017-03-01,March,0,2017
Suryapet,2018-03-01,March,0,2018
Suryapet,2019-03-01,March,0,2019
Suryapet,2016-05-01,May,0,2016
Suryapet,2017-05-01,May,0,2017
Suryapet,2018-05-01,May,0,2018
Suryapet,2019-05-01,May,0,2019
Suryapet,2016-11-01,November,0,2016
Suryapet,2017-11-01,November,0,2017
Suryapet,2018-11-01,November,0,2018
Suryapet,2019-11-01,November,0,2019
Suryapet,2016-10-01,October,0,2016
Suryapet,2017-10-01,October,0,2017
Suryapet,2018-10-01,October,0,2018
Suryapet,2019-10-01,October,0,2019
Suryapet,2016-09-01,September,0,2016
Suryapet,2017-09-01,September,0,2017
Suryapet,2018-09-01,September,0,2018
Suryapet,2019-09-01,September,0,2019
Vikarabad,2016-04-01,April,0,2016
Vikarabad,2017-04-01,April,0,2017
Vikarabad,2018-04-01,April,0,2018
Vikarabad,2019-04-01,April,0,2019
Vikarabad,2016-08-01,August,0,2016
Vikarabad,2017-08-01,August,0,2017
Vikarabad,2018-08-01,August,0,2018
Vikarabad,2019-08-01,August,0,2019
Vikarabad,2016-12-01,December,0,2016
Vikarabad,2017-12-01,December,0,2017
Vikarabad,2018-12-01,December,0,2018
Vikarabad,2019-12-01,December,0,2019
Vikarabad,2016-02-01,February,0,2016
Vikarabad,2017-02-01,February,0,2017
Vikarabad,2018-02-01,February,0,2018
Vikarabad,2019-02-01,February,0,2019
Vikarabad,2016-01-01,January,0,2016
Vikarabad,2017-01-01,January,0,2017
Vikarabad,2018-01-01,January,0,2018
Vikarabad,2019-01-01,January,0,2019
Vikarabad,2016-07-01,July,0,2016
Vikarabad,2017-07-01,July,0,2017
Vikarabad,2018-07-01,July,0,2018
Vikarabad,2019-07-01,July,0,2019
Vikarabad,2016-06-01,June,0,2016
Vikarabad,2017-06-01,June,0,2017
Vikarabad,2018-06-01,June,0,2018
Vikarabad,2019-06-01,June,0,2019
Vikarabad,2016-03-01,March,0,2016
Vikarabad,2017-03-01,March,0,2017
Vikarabad,2018-03-01,March,0,2018
Vikarabad,2019-03-01,March,0,2019
Vikarabad,2016-05-01,May,0,2016
Vikarabad,2017-05-01,May,0,2017
Vikarabad,2018-05-01,May,0,2018
Vikarabad,2019-05-01,May,0,2019
Vikarabad,2016-11-01,November,0,2016
Vikarabad,2017-11-01,November,0,2017
Vikarabad,2018-11-01,November,0,2018
Vikarabad,2019-11-01,November,0,2019
Vikarabad,2016-10-01,October,0,2016
Vikarabad,2017-10-01,October,0,2017
Vikarabad,2018-10-01,October,0,2018
Vikarabad,2019-10-01,October,0,2019
Vikarabad,2016-09-01,September,0,2016
Vikarabad,2017-09-01,September,0,2017
Vikarabad,2018-09-01,September,0,2018
Vikarabad,2019-09-01,September,0,2019
Wanaparthy,2016-04-01,April,0,2016
Wanaparthy,2018-04-01,April,10550,2018
Wanaparthy,2017-04-01,April,11502,2017
Wanaparthy,2019-04-01,April,23749,2019
Wanaparthy,2016-08-01,August,0,2016
Wanaparthy,2017-08-01,August,21375,2017
Wanaparthy,2018-08-01,August,35860,2018
Wanaparthy,2019-08-01,August,35860,2019
Wanaparthy,2016-12-01,December,20556,2016
Wanaparthy,2018-12-01,December,20556,2018
Wanaparthy,2019-12-01,December,20556,2019
Wanaparthy,2017-12-01,December,22152,2017
Wanaparthy,2016-02-01,February,0,2016
Wanaparthy,2018-02-01,February,22341,2018
Wanaparthy,2017-02-01,February,22342,2017
Wanaparthy,2019-02-01,February,22342,2019
Wanaparthy,2016-01-01,January,0,2016
Wanaparthy,2017-01-01,January,22152,2017
Wanaparthy,2018-01-01,January,28131,2018
Wanaparthy,2019-01-01,January,28131,2019
Wanaparthy,2016-07-01,July,0,2016
Wanaparthy,2017-07-01,July,19092,2017
Wanaparthy,2018-07-01,July,32625,2018
Wanaparthy,2019-07-01,July,32625,2019
Wanaparthy,2016-06-01,June,0,2016
Wanaparthy,2017-06-01,June,19092,2017
Wanaparthy,2018-06-01,June,19092,2018
Wanaparthy,2019-06-01,June,20050,2019
Wanaparthy,2016-03-01,March,0,2016
Wanaparthy,2017-03-01,March,20050,2017
Wanaparthy,2018-03-01,March,20050,2018
Wanaparthy,2019-03-01,March,20050,2019
Wanaparthy,2016-05-01,May,0,2016
Wanaparthy,2017-05-01,May,11502,2017
Wanaparthy,2018-05-01,May,11502,2018
Wanaparthy,2019-05-01,May,20010,2019
Wanaparthy,2016-11-01,November,18348,2016
Wanaparthy,2017-11-01,November,18348,2017
Wanaparthy,2018-11-01,November,32657,2018
Wanaparthy,2019-11-01,November,32657,2019
Wanaparthy,2016-10-01,October,21234,2016
Wanaparthy,2017-10-01,October,21234,2017
Wanaparthy,2018-10-01,October,21234,2018
Wanaparthy,2019-10-01,October,21234,2019
Wanaparthy,2016-09-01,September,0,2016
Wanaparthy,2019-09-01,September,21375,2019
Wanaparthy,2018-09-01,September,32002,2018
Wanaparthy,2017-09-01,September,35860,2017
Warangal (Rural),2016-04-01,April,0,2016
Warangal (Rural),2017-04-01,April,7600,2017
Warangal (Rural),2018-04-01,April,21600,2018
Warangal (Rural),2019-04-01,April,26900,2019
Warangal (Rural),2016-08-01,August,0,2016
Warangal (Rural),2017-08-01,August,13650,2017
Warangal (Rural),2018-08-01,August,25700,2018
Warangal (Rural),2019-08-01,August,31600,2019
Warangal (Rural),2016-12-01,December,5150,2016
Warangal (Rural),2017-12-01,December,21200,2017
Warangal (Rural),2018-12-01,December,30062,2018
Warangal (Rural),2019-12-01,December,32050,2019
Warangal (Rural),2016-02-01,February,0,2016
Warangal (Rural),2017-02-01,February,8300,2017
Warangal (Rural),2018-02-01,February,26300,2018
Warangal (Rural),2019-02-01,February,28800,2019
Warangal (Rural),2016-01-01,January,0,2016
Warangal (Rural),2017-01-01,January,8000,2017
Warangal (Rural),2018-01-01,January,25200,2018
Warangal (Rural),2019-01-01,January,28700,2019
Warangal (Rural),2016-07-01,July,0,2016
Warangal (Rural),2017-07-01,July,13600,2017
Warangal (Rural),2018-07-01,July,25900,2018
Warangal (Rural),2019-07-01,July,28600,2019
Warangal (Rural),2016-06-01,June,0,2016
Warangal (Rural),2017-06-01,June,9000,2017
Warangal (Rural),2018-06-01,June,23100,2018
Warangal (Rural),2019-06-01,June,27100,2019
Warangal (Rural),2016-03-01,March,0,2016
Warangal (Rural),2017-03-01,March,7800,2017
Warangal (Rural),2018-03-01,March,26200,2018
Warangal (Rural),2019-03-01,March,29000,2019
Warangal (Rural),2016-05-01,May,0,2016
Warangal (Rural),2017-05-01,May,8500,2017
Warangal (Rural),2018-05-01,May,22100,2018
Warangal (Rural),2019-05-01,May,24900,2019
Warangal (Rural),2016-11-01,November,6050,2016
Warangal (Rural),2017-11-01,November,16300,2017
Warangal (Rural),2018-11-01,November,24050,2018
Warangal (Rural),2019-11-01,November,32150,2019
Warangal (Rural),2016-10-01,October,8200,2016
Warangal (Rural),2017-10-01,October,16500,2017
Warangal (Rural),2018-10-01,October,26000,2018
Warangal (Rural),2019-10-01,October,31100,2019
Warangal (Rural),2016-09-01,September,0,2016
Warangal (Rural),2017-09-01,September,13800,2017
Warangal (Rural),2018-09-01,September,25800,2018
Warangal (Rural),2019-09-01,September,32600,2019
Warangal (Urban),2017-04-01,April,107133,2017
Warangal (Urban),2018-04-01,April,142510,2018
Warangal (Urban),2019-04-01,April,150425,2019
Warangal (Urban),2016-04-01,April,317643,2016
Warangal (Urban),2017-08-01,August,116810,2017
Warangal (Urban),2018-08-01,August,136760,2018
Warangal (Urban),2019-08-01,August,148030,2019
Warangal (Urban),2016-08-01,August,368755,2016
Warangal (Urban),2017-12-01,December,126790,2017
Warangal (Urban),2016-12-01,December,127500,2016
Warangal (Urban),2019-12-01,December,147700,2019
Warangal (Urban),2018-12-01,December,180643,2018
Warangal (Urban),2017-02-01,February,126608,2017
Warangal (Urban),2018-02-01,February,145750,2018
Warangal (Urban),2019-02-01,February,157755,2019
Warangal (Urban),2016-02-01,February,20703778,2016
Warangal (Urban),2017-01-01,January,130608,2017
Warangal (Urban),2018-01-01,January,137530,2018
Warangal (Urban),2019-01-01,January,151545,2019
Warangal (Urban),2016-01-01,January,1985815,2016
Warangal (Urban),2017-07-01,July,116545,2017
Warangal (Urban),2018-07-01,July,136560,2018
Warangal (Urban),2019-07-01,July,145440,2019
Warangal (Urban),2016-07-01,July,340320,2016
Warangal (Urban),2017-06-01,June,111530,2017
Warangal (Urban),2018-06-01,June,135615,2018
Warangal (Urban),2019-06-01,June,144400,2019
Warangal (Urban),2016-06-01,June,365332,2016
Warangal (Urban),2017-03-01,March,118298,2017
Warangal (Urban),2018-03-01,March,140300,2018
Warangal (Urban),2019-03-01,March,154305,2019
Warangal (Urban),2016-03-01,March,568397,2016
Warangal (Urban),2017-05-01,May,109915,2017
Warangal (Urban),2019-05-01,May,143230,2019
Warangal (Urban),2018-05-01,May,143425,2018
Warangal (Urban),2016-05-01,May,373788,2016
Warangal (Urban),2017-11-01,November,119360,2017
Warangal (Urban),2016-11-01,November,129250,2016
Warangal (Urban),2018-11-01,November,144515,2018
Warangal (Urban),2019-11-01,November,153880,2019
Warangal (Urban),2017-10-01,October,119255,2017
Warangal (Urban),2016-10-01,October,128247,2016
Warangal (Urban),2018-10-01,October,140948,2018
Warangal (Urban),2019-10-01,October,147450,2019
Warangal (Urban),2017-09-01,September,117150,2017
Warangal (Urban),2018-09-01,September,138780,2018
Warangal (Urban),2019-09-01,September,151070,2019
Warangal (Urban),2016-09-01,September,379210,2016
Yadadri Bhongir,2016-04-01,April,0,2016
Yadadri Bhongir,2019-04-01,April,441150,2019
Yadadri Bhongir,2017-04-01,April,570000,2017
Yadadri Bhongir,2018-04-01,April,692370,2018
Yadadri Bhongir,2016-08-01,August,0,2016
Yadadri Bhongir,2019-08-01,August,389010,2019
Yadadri Bhongir,2018-08-01,August,526445,2018
Yadadri Bhongir,2017-08-01,August,680720,2017
Yadadri Bhongir,2016-12-01,December,462800,2016
Yadadri Bhongir,2019-12-01,December,477635,2019
Yadadri Bhongir,2017-12-01,December,481075,2017
Yadadri Bhongir,2018-12-01,December,606510,2018
Yadadri Bhongir,2016-02-01,February,0,2016
Yadadri Bhongir,2019-02-01,February,56525,2019
Yadadri Bhongir,2017-02-01,February,540500,2017
Yadadri Bhongir,2018-02-01,February,3073872,2018
Yadadri Bhongir,2016-01-01,January,0,2016
Yadadri Bhongir,2019-01-01,January,479293,2019
Yadadri Bhongir,2017-01-01,January,678000,2017
Yadadri Bhongir,2018-01-01,January,2016000,2018
Yadadri Bhongir,2016-07-01,July,0,2016
Yadadri Bhongir,2019-07-01,July,332770,2019
Yadadri Bhongir,2017-07-01,July,481240,2017
Yadadri Bhongir,2018-07-01,July,671156,2018
Yadadri Bhongir,2016-06-01,June,0,2016
Yadadri Bhongir,2019-06-01,June,370566,2019
Yadadri Bhongir,2018-06-01,June,577570,2018
Yadadri Bhongir,2017-06-01,June,685880,2017
Yadadri Bhongir,2016-03-01,March,0,2016
Yadadri Bhongir,2019-03-01,March,481923,2019
Yadadri Bhongir,2017-03-01,March,525588,2017
Yadadri Bhongir,2018-03-01,March,2836580,2018
Yadadri Bhongir,2016-05-01,May,0,2016
Yadadri Bhongir,2019-05-01,May,345790,2019
Yadadri Bhongir,2017-05-01,May,458700,2017
Yadadri Bhongir,2018-05-01,May,781842,2018
Yadadri Bhongir,2019-11-01,November,365990,2019
Yadadri Bhongir,2018-11-01,November,485208,2018
Yadadri Bhongir,2017-11-01,November,537600,2017
Yadadri Bhongir,2016-11-01,November,681000,2016
Yadadri Bhongir,2019-10-01,October,381860,2019
Yadadri Bhongir,2016-10-01,October,584800,2016
Yadadri Bhongir,2018-10-01,October,586475,2018
Yadadri Bhongir,2017-10-01,October,683500,2017
Yadadri Bhongir,2016-09-01,September,0,2016
Yadadri Bhongir,2019-09-01,September,366862,2019
Yadadri Bhongir,2017-09-01,September,678925,2017
Yadadri Bhongir,2018-09-01,September,819350,2018
